{
    "name_match": {
        "CookieConsent" : 0,
        "OptanonConsent" : 0
    },
    "domain_match": {
        "bethesda.net": {
            "bnet-username": 0
        },
        "outlook.live.com": {
            "DefaultAnchorMailbox": 0
        },
        "fandom.com": {
            "access_token": 0
        },
        "gog.com": {
            "gog_lc": 0,
            "gog-al": 0
        },
        "humblebundle.com": {
            "_simpleauth_sess": 0
        },
        "magix.com": {
            "mgxLoginCheck": 0,
            "MGX_SSC": 0
        },
        "ap.magix.com": {
            "mgxcrslive_initial": 0
        },
        "mediafire.com": {
            "skey": 0,
            "user": 0,
            "justloggedin": 0
        },
        "idp.corel.com": {
            "SERVER": 0,
            "_omappvp": 0,
            "_omappvs": 0
        },
        "builtwith.com": {
            "BWSSON": 0
        },
        "dropbox.com": {
            "jar": 0,
            "utag_main": 0,
            "last_active_role": 0,
            "bjar": 0,
            "flash": 0,
            "bang": 0
        },
        "todoist.com": {
            "todoistd": 0
        },
        "twitter.com": {
            "eu_cn": 0,
            "guest_id": 0,
            "personalization_id":0,
            "ct0": 0,
            "auth_token": 0,
            "twid": 0,
            "kdt": 0
        },
        "linkedin.com":{
            "li_at":0,
            "liap": 0,
            "JSESSIONID": 0,
            "chp_token": 0,
            "li_rm": 0,
            "bcookie": 0,
            "lidc": 0
        },
        "etsy.com": {
            "uaid": 0,
            "exp_hangover":0,
            "user_prefs": 0,
            "ua": 0
        }
    },
    "domain_regex": {
        "^google\\..*": {
            "CONSENT": 0,
            "NID" : 0,
            "SID" : 0,
            "HSID" : 0,
            "SSID" : 0
        },
        "^youtube\\..*" : {
            "PREF": 1,
            "CONSENT": 0,
            "NID": 0,
            "SID" : 0,
            "HSID" : 0,
            "SSID" : 0,
            "LOGIN_INFO": 0
        },
        "^consent.youtube\\..*": {
            "TESTCOOKIESENABLED": 0,
            "OTZ": 0
        },
        "^ebay\\..*": {
            "ebay":0,
            "nonsession":0
        },
        "^amazon\\..*": {
            "session-id": 0,
            "csm-hit": 0,
            "session-id-time": 0
        },
        "^facebook\\..*": {
            "datr": 0,
            "c_user": 0
        }
    }
}
